# redirect home to devspace.cloud
/   https://devspace.cloud/docs  302!

# Redirect default Netlify subdomain to primary domain
https://docs-devspace-cloud.netlify.com/* https://devspace.cloud/docs/:splat 301!

# v3 => v4 redirects
/docs/getting-started/installation   /docs/introduction  301!
/docs/getting-started/deployment   /docs/cli/getting-started/deployment  301!
/docs/getting-started/development   /docs/cli/getting-started/development  301!
/docs/getting-started/debugging   /docs/cli/development/workflow-basics  301!

/docs/workflow-basics/containerization   /docs/cli/getting-started/deployment  301!
/docs/workflow-basics/deployment   /docs/cli/deployment/workflow-basics  301!
/docs/workflow-basics/deployment/domains   /docs/cli/deployment/workflow-basics  301!
/docs/workflow-basics/deployment/ci-cd-pipelines   /docs/cli/deployment/workflow-basics  301!
/docs/workflow-basics/deployment/dependencies   /docs/cli/deployment/advanced/dependencies  301!

/docs/workflow-basics/development   /docs/cli/development/workflow-basics  301!
/docs/workflow-basics/development/analyze   /docs/cli/development/workflow-basics  301!
/docs/workflow-basics/development/logs   /docs/cli/development/configuration/logs-streaming  301!
/docs/workflow-basics/development/enter   /docs/cli/development/configuration/interactive-mode  301!
/docs/workflow-basics/development/sync   /docs/cli/development/configuration/file-synchronization  301!
/docs/workflow-basics/development/remote-debuggers   /docs/cli/development/advanced/remote-debuggers  301!

/docs/image-building/overview   /docs/cli/image-building/workflow-basics  301!
/docs/image-building/add-images   /docs/cli/image-building/configuration/overview-specification#devspace-add-image  301!
/docs/image-building/remove-images   /docs/cli/image-building/configuration/overview-specification#devspace-remove-image  301!
/docs/image-building/tagging   /docs/cli/image-building/workflow-basics#6-tag-image  301!
/docs/image-building/cleanup   /docs/cli/image-building/advanced/cleanup  301!
/docs/image-building/specification   /docs/cli/image-building/configuration/overview-specification  301!
/docs/image-building/registries/authentication   /docs/cli/image-building/workflow-basics#registry-authentication  301!
/docs/image-building/registries/pull-secrets   /docs/cli/image-building/workflow-basics#8-create-image-pull-secret  301!
/docs/image-building/build-tools/docker   /docs/cli/image-building/configuration/build-tools#docker  301!
/docs/image-building/build-tools/kaniko   /docs/cli/image-building/configuration/build-tools#kaniko  301!
/docs/image-building/build-tools/custom-build-script   /docs/cli/image-building/configuration/build-tools#custom  301!

/docs/deployment/components/what-are-components   /docs/cli/deployment/components/what-are-components  301!
/docs/deployment/components/add-predefined-components   /docs/cli/deployment/components/configuration/overview-specification#devspace-add-deployment-name-component-mysql-redis  301!
/docs/deployment/components/add-custom-components   /docs/cli/deployment/components/configuration/overview-specification#devspace-add-deployment-name-dockerfile-path  301!
/docs/deployment/components/remove-components   /docs/cli/deployment/components/configuration/overview-specification#devspace-remove-deployment-name  301!
/docs/deployment/components/configuration/volumes   /docs/cli/deployment/components/configuration/volumes  301!
/docs/deployment/components/configuration/service   /docs/cli/deployment/components/configuration/service  301!
/docs/deployment/components/configuration/scaling   /docs/cli/deployment/components/configuration/scaling  301!
/docs/deployment/components/containers/image   /docs/cli/deployment/components/configuration/containers#container-images  301!
/docs/deployment/components/containers/environment-variables   /docs/cli/deployment/components/configuration/containers#environment-variables  301!
/docs/deployment/components/containers/resource-limits   /docs/cli/deployment/components/configuration/containers#resource-limits-requests  301!
/docs/deployment/components/containers/entrypoint   /docs/cli/deployment/components/configuration/containers#entrypoint-cmd-args  301!
/docs/deployment/components/containers/health-checks   /docs/cli/deployment/components/configuration/containers#health-checks  301!

/docs/deployment/kubernetes-manifests/what-are-manifests   /docs/cli/deployment/kubernetes-manifests/what-are-manifests  301!
/docs/deployment/kubernetes-manifests/add-manifests   /docs/cli/deployment/kubernetes-manifests/configuration/overview-specification#devspace-add-deployment-name-manifests-my-manifests  301!
/docs/deployment/kubernetes-manifests/remove-manifests   /docs/cli/deployment/kubernetes-manifests/configuration/overview-specification#devspace-remove-deployment-name  301!
/docs/deployment/kubernetes-manifests/kustomize   /docs/cli/deployment/kubernetes-manifests/configuration/kustomize  301!

/docs/deployment/helm-charts/what-are-helm-charts   /docs/cli/deployment/helm-charts/what-are-helm-charts  301!
/docs/deployment/helm-charts/add-charts   /docs/cli/deployment/helm-charts/configuration/overview-specification#devspace-add-deployment-name-chart-path-to-my-chart  301!
/docs/deployment/helm-charts/remove-charts   /docs/cli/deployment/helm-charts/configuration/overview-specification#devspace-remove-deployment-name  301!

/docs/development/workflow   /docs/cli/development/workflow-basics  301!
/docs/development/terminal   /docs/cli/development/configuration/interactive-mode  301!
/docs/development/synchronization   /docs/cli/development/configuration/file-synchronization  301!
/docs/development/port-forwarding   /docs/cli/development/configuration/port-forwarding  301!
/docs/development/auto-reloading   /docs/cli/development/configuration/auto-reloading  301!
/docs/development/overrides   /docs/cli/development/configuration/interactive-mode  301!

/docs/configuration/reference   /docs/cli/configuration/reference  301!
/docs/configuration/multiple-configs   /docs/cli/configuration/profiles-patches  301!
/docs/configuration/overrides   /docs/cli/configuration/profiles-patches  301!
/docs/configuration/variables   /docs/cli/configuration/variables  301!
/docs/configuration/hooks   /docs/cli/configuration/hooks  301!
